{
    "model": "DecisionTreeClassifier",
    "description": "Trained DecisionTreeClassifier model for predicting heart disease.",
    "training_data": {
        "dataset": "Heart Disease UCI (preprocessed)",
        "training_size": 473,
        "test_size": 203
    },
    "parameters": {
        "ccp_alpha": 0.0,
        "class_weight": null,
        "criterion": "gini",
        "max_depth": 5,
        "max_features": null,
        "max_leaf_nodes": null,
        "min_impurity_decrease": 0.0,
        "min_samples_leaf": 1,
        "min_samples_split": 2,
        "min_weight_fraction_leaf": 0.0,
        "random_state": 42,
        "splitter": "best"
    },
    "accuracy": 0.7586,
    "classification_report": {
        "0": {
            "precision": 0.7804878048780488,
            "recall": 0.8135593220338984,
            "f1-score": 0.7966804979253113,
            "support": 118.0
        },
        "1": {
            "precision": 0.725,
            "recall": 0.6823529411764706,
            "f1-score": 0.7030303030303031,
            "support": 85.0
        },
        "accuracy": 0.7586206896551724,
        "macro avg": {
            "precision": 0.7527439024390243,
            "recall": 0.7479561316051845,
            "f1-score": 0.7498554004778072,
            "support": 203.0
        },
        "weighted avg": {
            "precision": 0.7572539949537426,
            "recall": 0.7586206896551724,
            "f1-score": 0.7574673621318349,
            "support": 203.0
        }
    }
}